source_id,input_url,normalized_url,domain,scheme,homepage_url,robots_url,robots_ok,robots_sitemaps,robots_disallow_detected,robots_can_fetch_homepage,has_known_api,known_api_adapter,known_api_endpoint_hint,has_rss,rss_urls,rss_valid_count,has_sitemap,sitemap_urls,sitemap_url_count,html_status_code,html_title,html_text_length,html_link_count,html_extract_ok,sample_extracted_text_length,js_required,paywall_detected,captcha_detected,login_detected,best_strategy,tos_risk,status,error_message,profiled_at
baotintuc_vn,https://baotintuc.vn/kinh-te-128ct0.htm,https://baotintuc.vn/kinh-te-128ct0.htm,baotintuc.vn,https,https://baotintuc.vn/kinh-te-128ct0.htm,https://baotintuc.vn/robots.txt,False,[],False,True,False,,,False,[],0,False,[],0,0,,0,0,False,0,False,False,False,False,manual_review,unknown,review,"[WinError 10060] A connection attempt failed because the connected party did not properly respond after a period of time, or established connection failed because connected host has failed to respond
Traceback (most recent call last):
  File ""C:\Users\lehoa\AppData\Roaming\Python\Python312\site-packages\httpx\_transports\default.py"", line 101, in map_httpcore_exceptions
    yield
  File ""C:\Users\lehoa\AppData\Roaming\Python\Python312\site-packages\httpx\_transports\default.py"", line 250, in handle_request
    resp = self._pool.handle_request(req)
           ^^^^^^^^^^^^^^^^^^^^^^^^^^^^^^
  File ""C:\Users\lehoa\AppData\Roaming\Python\Python312\site-packages\httpcore\_sync\connection_pool.py"", line 256, in handle_request
    raise exc from None
  File ""C:\Users\lehoa\AppData\Roaming\Python\Python312\site-packages\httpcore\_sync\connection_pool.py"", line 236, in handle_request
    response = connection.handle_request(
               ^^^^^^^^^^^^^^^^^^^^^^^^^^
  File ""C:\Users\lehoa\AppData\Roaming\Python\Python312\site-packages\httpcore\_sync\connection.py"", line 101, in handle_request
    raise exc
httpcore.ConnectTimeout: [WinError 10060] A connection attempt failed because the connected party did not properly respond after a period of time, or established connection failed because connected host has failed to respond

The above exception was the direct cause of the following exception:

Traceback (most recent call last):
  File ""D:\save code\WEB\Economy\leonquant\leon_web_intel\src\profiler\source_profiler.py"", line 265, in profile_source
    probe = run_html_probe(norm, homepage_url, self.rules, self._fetch_text, self.raw_store)
            ^^^^^^^^^^^^^^^^^^^^^^^^^^^^^^^^^^^^^^^^^^^^^^^^^^^^^^^^^^^^^^^^^^^^^^^^^^^^^^^^
  File ""D:\save code\WEB\Economy\leonquant\leon_web_intel\src\profiler\html_probe.py"", line 38, in run_html_probe
    status, html = fetch_text(homepage_url)
                   ^^^^^^^^^^^^^^^^^^^^^^^^
  File ""D:\save code\WEB\Economy\leonquant\leon_web_intel\src\profiler\source_profiler.py"", line 201, in _fetch_text
    return self.http.get_text(url)
           ^^^^^^^^^^^^^^^^^^^^^^^
  File ""D:\save code\WEB\Economy\leonquant\leon_web_intel\src\utils\cache.py"", line 152, in get_text
    entry = self.get(url)
            ^^^^^^^^^^^^^
  File ""D:\save code\WEB\Economy\leonquant\leon_web_intel\src\utils\cache.py"", line 142, in get
    entry = self._fetch_uncached(url)
            ^^^^^^^^^^^^^^^^^^^^^^^^^
httpx.ConnectTimeout: [WinError 10060] A connection attempt failed because the connected party did not properly respond after a period of time, or established connection failed because connected host has failed to respond
",2026-05-19 08:26:10.780073
batdongsan_com_vn,https://batdongsan.com.vn,https://batdongsan.com.vn/,batdongsan.com.vn,https,https://batdongsan.com.vn/,https://batdongsan.com.vn/robots.txt,True,"[""https://batdongsan.com.vn/sitemap.xml"", ""https://batdongsan.com.vn/wiki/sitemaps/sitemap_index.xml"", ""https://batdongsan.com.vn/tin-tuc/sitemaps/sitemap_index.xml"", ""https://batdongsan.com.vn/phan-tich-danh-gia/sitemaps/sitemap_index.xml""]",True,True,False,,,False,[],0,False,[],0,403,,0,0,False,0,True,True,False,False,playwright_fallback,medium,active_candidate,,2026-05-19 08:26:16.090668
beincrypto_com,https://beincrypto.com/type/news/,https://beincrypto.com/type/news,beincrypto.com,https,https://beincrypto.com/type/news,https://beincrypto.com/robots.txt,True,[],False,True,False,,,True,"[""https://beincrypto.com/feed""]",1,False,[],0,403,,0,0,False,0,True,True,False,False,rss_then_article_extract,medium,active,,2026-05-19 08:29:36.697802
bnews_vn,https://bnews.vn,https://bnews.vn/,bnews.vn,https,https://bnews.vn/,https://bnews.vn/robots.txt,False,[],False,True,False,,,False,[],0,False,[],0,0,,0,0,False,0,False,False,False,False,manual_review,unknown,review,"[SSL: UNSAFE_LEGACY_RENEGOTIATION_DISABLED] unsafe legacy renegotiation disabled (_ssl.c:1000)
Traceback (most recent call last):
  File ""C:\Users\lehoa\AppData\Roaming\Python\Python312\site-packages\httpx\_transports\default.py"", line 101, in map_httpcore_exceptions
    yield
  File ""C:\Users\lehoa\AppData\Roaming\Python\Python312\site-packages\httpx\_transports\default.py"", line 250, in handle_request
    resp = self._pool.handle_request(req)
           ^^^^^^^^^^^^^^^^^^^^^^^^^^^^^^
  File ""C:\Users\lehoa\AppData\Roaming\Python\Python312\site-packages\httpcore\_sync\connection_pool.py"", line 256, in handle_request
    raise exc from None
  File ""C:\Users\lehoa\AppData\Roaming\Python\Python312\site-packages\httpcore\_sync\connection_pool.py"", line 236, in handle_request
    response = connection.handle_request(
               ^^^^^^^^^^^^^^^^^^^^^^^^^^
  File ""C:\Users\lehoa\AppData\Roaming\Python\Python312\site-packages\httpcore\_sync\connection.py"", line 101, in handle_request
    raise exc
httpcore.ConnectError: [SSL: UNSAFE_LEGACY_RENEGOTIATION_DISABLED] unsafe legacy renegotiation disabled (_ssl.c:1000)

The above exception was the direct cause of the following exception:

Traceback (most recent call last):
  File ""D:\save code\WEB\Economy\leonquant\leon_web_intel\src\profiler\source_profiler.py"", line 265, in profile_source
    probe = run_html_probe(norm, homepage_url, self.rules, self._fetch_text, self.raw_store)
            ^^^^^^^^^^^^^^^^^^^^^^^^^^^^^^^^^^^^^^^^^^^^^^^^^^^^^^^^^^^^^^^^^^^^^^^^^^^^^^^^
  File ""D:\save code\WEB\Economy\leonquant\leon_web_intel\src\profiler\html_probe.py"", line 38, in run_html_probe
    status, html = fetch_text(homepage_url)
                   ^^^^^^^^^^^^^^^^^^^^^^^^
  File ""D:\save code\WEB\Economy\leonquant\leon_web_intel\src\profiler\source_profiler.py"", line 201, in _fetch_text
    return self.http.get_text(url)
           ^^^^^^^^^^^^^^^^^^^^^^^
  File ""D:\save code\WEB\Economy\leonquant\leon_web_intel\src\utils\cache.py"", line 152, in get_text
    entry = self.get(url)
            ^^^^^^^^^^^^^
  File ""D:\save code\WEB\Economy\leonquant\leon_web_intel\src\utils\cache.py"", line 142, in get
    entry = self._fetch_uncached(url)
            ^^^^^^^^^^^^^^^^^^^^^^^^^
httpx.ConnectError: [SSL: UNSAFE_LEGACY_RENEGOTIATION_DISABLED] unsafe legacy renegotiation disabled (_ssl.c:1000)
",2026-05-19 08:25:56.992305
diaoconline_vn,https://diaoconline.vn,https://diaoconline.vn/,diaoconline.vn,https,https://diaoconline.vn/,https://diaoconline.vn/robots.txt,False,[],False,True,False,,,False,[],0,False,[],0,0,,0,0,False,0,False,False,False,False,manual_review,unknown,review,"[WinError 10060] A connection attempt failed because the connected party did not properly respond after a period of time, or established connection failed because connected host has failed to respond
Traceback (most recent call last):
  File ""C:\Users\lehoa\AppData\Roaming\Python\Python312\site-packages\httpx\_transports\default.py"", line 101, in map_httpcore_exceptions
    yield
  File ""C:\Users\lehoa\AppData\Roaming\Python\Python312\site-packages\httpx\_transports\default.py"", line 250, in handle_request
    resp = self._pool.handle_request(req)
           ^^^^^^^^^^^^^^^^^^^^^^^^^^^^^^
  File ""C:\Users\lehoa\AppData\Roaming\Python\Python312\site-packages\httpcore\_sync\connection_pool.py"", line 256, in handle_request
    raise exc from None
  File ""C:\Users\lehoa\AppData\Roaming\Python\Python312\site-packages\httpcore\_sync\connection_pool.py"", line 236, in handle_request
    response = connection.handle_request(
               ^^^^^^^^^^^^^^^^^^^^^^^^^^
  File ""C:\Users\lehoa\AppData\Roaming\Python\Python312\site-packages\httpcore\_sync\connection.py"", line 101, in handle_request
    raise exc
httpcore.ConnectTimeout: [WinError 10060] A connection attempt failed because the connected party did not properly respond after a period of time, or established connection failed because connected host has failed to respond

The above exception was the direct cause of the following exception:

Traceback (most recent call last):
  File ""D:\save code\WEB\Economy\leonquant\leon_web_intel\src\profiler\source_profiler.py"", line 265, in profile_source
    probe = run_html_probe(norm, homepage_url, self.rules, self._fetch_text, self.raw_store)
            ^^^^^^^^^^^^^^^^^^^^^^^^^^^^^^^^^^^^^^^^^^^^^^^^^^^^^^^^^^^^^^^^^^^^^^^^^^^^^^^^
  File ""D:\save code\WEB\Economy\leonquant\leon_web_intel\src\profiler\html_probe.py"", line 38, in run_html_probe
    status, html = fetch_text(homepage_url)
                   ^^^^^^^^^^^^^^^^^^^^^^^^
  File ""D:\save code\WEB\Economy\leonquant\leon_web_intel\src\profiler\source_profiler.py"", line 201, in _fetch_text
    return self.http.get_text(url)
           ^^^^^^^^^^^^^^^^^^^^^^^
  File ""D:\save code\WEB\Economy\leonquant\leon_web_intel\src\utils\cache.py"", line 152, in get_text
    entry = self.get(url)
            ^^^^^^^^^^^^^
  File ""D:\save code\WEB\Economy\leonquant\leon_web_intel\src\utils\cache.py"", line 142, in get
    entry = self._fetch_uncached(url)
            ^^^^^^^^^^^^^^^^^^^^^^^^^
httpx.ConnectTimeout: [WinError 10060] A connection attempt failed because the connected party did not properly respond after a period of time, or established connection failed because connected host has failed to respond
",2026-05-19 08:28:36.239513
forexfactory_com,https://www.forexfactory.com/news,https://www.forexfactory.com/news,forexfactory.com,https,https://www.forexfactory.com/news,https://www.forexfactory.com/robots.txt,True,"[""https://www.forexfactory.com/sitemap-index.xml""]",False,True,False,,,False,[],0,False,[],0,403,,0,0,False,0,True,True,False,False,playwright_fallback,medium,active_candidate,,2026-05-19 08:29:27.930185
gso_gov_vn,https://www.gso.gov.vn,https://www.gso.gov.vn/,gso.gov.vn,https,https://www.gso.gov.vn/,https://www.gso.gov.vn/robots.txt,False,[],False,True,False,,,False,[],0,False,[],0,0,,0,0,False,0,False,False,False,False,manual_review,unknown,review,"[WinError 10060] A connection attempt failed because the connected party did not properly respond after a period of time, or established connection failed because connected host has failed to respond
Traceback (most recent call last):
  File ""C:\Users\lehoa\AppData\Roaming\Python\Python312\site-packages\httpx\_transports\default.py"", line 101, in map_httpcore_exceptions
    yield
  File ""C:\Users\lehoa\AppData\Roaming\Python\Python312\site-packages\httpx\_transports\default.py"", line 250, in handle_request
    resp = self._pool.handle_request(req)
           ^^^^^^^^^^^^^^^^^^^^^^^^^^^^^^
  File ""C:\Users\lehoa\AppData\Roaming\Python\Python312\site-packages\httpcore\_sync\connection_pool.py"", line 256, in handle_request
    raise exc from None
  File ""C:\Users\lehoa\AppData\Roaming\Python\Python312\site-packages\httpcore\_sync\connection_pool.py"", line 236, in handle_request
    response = connection.handle_request(
               ^^^^^^^^^^^^^^^^^^^^^^^^^^
  File ""C:\Users\lehoa\AppData\Roaming\Python\Python312\site-packages\httpcore\_sync\connection.py"", line 101, in handle_request
    raise exc
httpcore.ConnectTimeout: [WinError 10060] A connection attempt failed because the connected party did not properly respond after a period of time, or established connection failed because connected host has failed to respond

The above exception was the direct cause of the following exception:

Traceback (most recent call last):
  File ""D:\save code\WEB\Economy\leonquant\leon_web_intel\src\profiler\source_profiler.py"", line 265, in profile_source
    probe = run_html_probe(norm, homepage_url, self.rules, self._fetch_text, self.raw_store)
            ^^^^^^^^^^^^^^^^^^^^^^^^^^^^^^^^^^^^^^^^^^^^^^^^^^^^^^^^^^^^^^^^^^^^^^^^^^^^^^^^
  File ""D:\save code\WEB\Economy\leonquant\leon_web_intel\src\profiler\html_probe.py"", line 38, in run_html_probe
    status, html = fetch_text(homepage_url)
                   ^^^^^^^^^^^^^^^^^^^^^^^^
  File ""D:\save code\WEB\Economy\leonquant\leon_web_intel\src\profiler\source_profiler.py"", line 201, in _fetch_text
    return self.http.get_text(url)
           ^^^^^^^^^^^^^^^^^^^^^^^
  File ""D:\save code\WEB\Economy\leonquant\leon_web_intel\src\utils\cache.py"", line 152, in get_text
    entry = self.get(url)
            ^^^^^^^^^^^^^
  File ""D:\save code\WEB\Economy\leonquant\leon_web_intel\src\utils\cache.py"", line 142, in get
    entry = self._fetch_uncached(url)
            ^^^^^^^^^^^^^^^^^^^^^^^^^
httpx.ConnectTimeout: [WinError 10060] A connection attempt failed because the connected party did not properly respond after a period of time, or established connection failed because connected host has failed to respond
",2026-05-19 08:29:12.598290
hnx_vn,https://www.hnx.vn,https://www.hnx.vn/,hnx.vn,https,https://www.hnx.vn/,https://www.hnx.vn/robots.txt,False,[],False,True,False,,,False,[],0,False,[],0,0,,0,0,False,0,False,False,False,False,manual_review,unknown,review,"[SSL: CERTIFICATE_VERIFY_FAILED] certificate verify failed: unable to get local issuer certificate (_ssl.c:1000)
Traceback (most recent call last):
  File ""C:\Users\lehoa\AppData\Roaming\Python\Python312\site-packages\httpx\_transports\default.py"", line 101, in map_httpcore_exceptions
    yield
  File ""C:\Users\lehoa\AppData\Roaming\Python\Python312\site-packages\httpx\_transports\default.py"", line 250, in handle_request
    resp = self._pool.handle_request(req)
           ^^^^^^^^^^^^^^^^^^^^^^^^^^^^^^
  File ""C:\Users\lehoa\AppData\Roaming\Python\Python312\site-packages\httpcore\_sync\connection_pool.py"", line 256, in handle_request
    raise exc from None
  File ""C:\Users\lehoa\AppData\Roaming\Python\Python312\site-packages\httpcore\_sync\connection_pool.py"", line 236, in handle_request
    response = connection.handle_request(
               ^^^^^^^^^^^^^^^^^^^^^^^^^^
  File ""C:\Users\lehoa\AppData\Roaming\Python\Python312\site-packages\httpcore\_sync\connection.py"", line 101, in handle_request
    raise exc
httpcore.ConnectError: [SSL: CERTIFICATE_VERIFY_FAILED] certificate verify failed: unable to get local issuer certificate (_ssl.c:1000)

The above exception was the direct cause of the following exception:

Traceback (most recent call last):
  File ""D:\save code\WEB\Economy\leonquant\leon_web_intel\src\profiler\source_profiler.py"", line 265, in profile_source
    probe = run_html_probe(norm, homepage_url, self.rules, self._fetch_text, self.raw_store)
            ^^^^^^^^^^^^^^^^^^^^^^^^^^^^^^^^^^^^^^^^^^^^^^^^^^^^^^^^^^^^^^^^^^^^^^^^^^^^^^^^
  File ""D:\save code\WEB\Economy\leonquant\leon_web_intel\src\profiler\html_probe.py"", line 38, in run_html_probe
    status, html = fetch_text(homepage_url)
                   ^^^^^^^^^^^^^^^^^^^^^^^^
  File ""D:\save code\WEB\Economy\leonquant\leon_web_intel\src\profiler\source_profiler.py"", line 201, in _fetch_text
    return self.http.get_text(url)
           ^^^^^^^^^^^^^^^^^^^^^^^
  File ""D:\save code\WEB\Economy\leonquant\leon_web_intel\src\utils\cache.py"", line 152, in get_text
    entry = self.get(url)
            ^^^^^^^^^^^^^
  File ""D:\save code\WEB\Economy\leonquant\leon_web_intel\src\utils\cache.py"", line 142, in get
    entry = self._fetch_uncached(url)
            ^^^^^^^^^^^^^^^^^^^^^^^^^
httpx.ConnectError: [SSL: CERTIFICATE_VERIFY_FAILED] certificate verify failed: unable to get local issuer certificate (_ssl.c:1000)
",2026-05-19 08:29:13.808822
investing_com,https://www.investing.com/news,https://www.investing.com/news,investing.com,https,https://www.investing.com/news,https://www.investing.com/robots.txt,True,"[""https://www.investing.com/sitemap_index.xml""]",True,True,False,,,False,[],0,True,"[""https://www.investing.com/sitemap_index.xml"", ""https://www.investing.com/ec_events_sitemap.xml"", ""https://www.investing.com/analysis_sitemap.xml"", ""https://www.investing.com/equities_ov_sitemap.xml"", ""https://www.investing.com/equities_ov_sitemap_2.xml"", ""https://www.investing.com/equities_ov_sitemap_3.xml"", ""https://www.investing.com/equities_ov_sitemap_4.xml"", ""https://www.investing.com/equities_ov_sitemap_5.xml"", ""https://www.investing.com/equities_ov_sitemap_6.xml"", ""https://www.investing.com/equities_ov_sitemap_7.xml"", ""https://www.investing.com/equities_ov_sitemap_8.xml"", ""https://www.investing.com/equities_ov_sitemap_9.xml"", ""https://www.investing.com/certificates_ov_sitemap.xml"", ""https://www.investing.com/crypto_coins_ov_sitemap.xml"", ""https://www.investing.com/commodities_ov_sitemap.xml"", ""https://www.investing.com/currencies_ov_sitemap.xml"", ""https://www.investing.com/crypto_pairs_ov_sitemap.xml"", ""https://www.investing.com/crypto_pairs_ov_sitemap_2.xml"", ""https://www.investing.com/indices_ov_sitemap.xml"", ""https://www.investing.com/indices_ov_sitemap_2.xml"", ""https://www.investing.com/funds_ov_sitemap.xml"", ""https://www.investing.com/funds_ov_sitemap_2.xml"", ""https://www.investing.com/funds_ov_sitemap_3.xml"", ""https://www.investing.com/funds_ov_sitemap_4.xml"", ""https://www.investing.com/funds_ov_sitemap_5.xml"", ""https://www.investing.com/funds_ov_sitemap_6.xml"", ""https://www.investing.com/funds_ov_sitemap_7.xml"", ""https://www.investing.com/funds_ov_sitemap_8.xml"", ""https://www.investing.com/funds_ov_sitemap_9.xml"", ""https://www.investing.com/funds_ov_sitemap_10.xml"", ""https://www.investing.com/funds_ov_sitemap_11.xml"", ""https://www.investing.com/rates-bonds_ov_sitemap.xml"", ""https://www.investing.com/rates-bonds_ov_sitemap_2.xml"", ""https://www.investing.com/etfs_ov_sitemap.xml"", ""https://www.investing.com/etfs_ov_sitemap_2.xml"", ""https://www.investing.com/etfs_ov_sitemap_3.xml"", ""https://www.investing.com/equities_forum_sitemap.xml"", ""https://www.investing.com/equities_forum_sitemap_2.xml"", ""https://www.investing.com/indices_forum_sitemap.xml"", ""https://www.investing.com/currencies_forum_sitemap.xml"", ""https://www.investing.com/commodities_forum_sitemap.xml"", ""https://www.investing.com/base_sitemap.xml"", ""https://www.investing.com/etfs_forum_sitemap.xml"", ""https://www.investing.com/crypto_forum_sitemap.xml"", ""https://www.investing.com/pro_portfolio_sitemap.xml"", ""https://www.investing.com/pro_market_cap_sitemap.xml"", ""https://www.investing.com/pro_explorer_sitemap.xml"", ""https://www.investing.com/etfs_dividends_sitemap.xml""]",48,403,,0,0,False,0,True,True,False,False,sitemap_then_article_extract,medium,active,,2026-05-19 08:29:27.335486
kinhtechungkhoan_vn,https://kinhtechungkhoan.vn,https://kinhtechungkhoan.vn/,kinhtechungkhoan.vn,https,https://kinhtechungkhoan.vn/,https://kinhtechungkhoan.vn/robots.txt,True,[],False,True,False,,,False,[],0,False,[],0,403,,0,0,False,0,True,True,False,False,playwright_fallback,medium,active_candidate,,2026-05-19 08:25:56.988706
kinhtedothi_vn,https://kinhtedothi.vn,https://kinhtedothi.vn/,kinhtedothi.vn,https,https://kinhtedothi.vn/,https://kinhtedothi.vn/robots.txt,False,[],False,True,False,,,False,[],0,False,[],0,0,,0,0,False,0,False,False,False,False,manual_review,unknown,review,"[WinError 10060] A connection attempt failed because the connected party did not properly respond after a period of time, or established connection failed because connected host has failed to respond
Traceback (most recent call last):
  File ""C:\Users\lehoa\AppData\Roaming\Python\Python312\site-packages\httpx\_transports\default.py"", line 101, in map_httpcore_exceptions
    yield
  File ""C:\Users\lehoa\AppData\Roaming\Python\Python312\site-packages\httpx\_transports\default.py"", line 250, in handle_request
    resp = self._pool.handle_request(req)
           ^^^^^^^^^^^^^^^^^^^^^^^^^^^^^^
  File ""C:\Users\lehoa\AppData\Roaming\Python\Python312\site-packages\httpcore\_sync\connection_pool.py"", line 256, in handle_request
    raise exc from None
  File ""C:\Users\lehoa\AppData\Roaming\Python\Python312\site-packages\httpcore\_sync\connection_pool.py"", line 236, in handle_request
    response = connection.handle_request(
               ^^^^^^^^^^^^^^^^^^^^^^^^^^
  File ""C:\Users\lehoa\AppData\Roaming\Python\Python312\site-packages\httpcore\_sync\connection.py"", line 101, in handle_request
    raise exc
httpcore.ConnectTimeout: [WinError 10060] A connection attempt failed because the connected party did not properly respond after a period of time, or established connection failed because connected host has failed to respond

The above exception was the direct cause of the following exception:

Traceback (most recent call last):
  File ""D:\save code\WEB\Economy\leonquant\leon_web_intel\src\profiler\source_profiler.py"", line 265, in profile_source
    probe = run_html_probe(norm, homepage_url, self.rules, self._fetch_text, self.raw_store)
            ^^^^^^^^^^^^^^^^^^^^^^^^^^^^^^^^^^^^^^^^^^^^^^^^^^^^^^^^^^^^^^^^^^^^^^^^^^^^^^^^
  File ""D:\save code\WEB\Economy\leonquant\leon_web_intel\src\profiler\html_probe.py"", line 38, in run_html_probe
    status, html = fetch_text(homepage_url)
                   ^^^^^^^^^^^^^^^^^^^^^^^^
  File ""D:\save code\WEB\Economy\leonquant\leon_web_intel\src\profiler\source_profiler.py"", line 201, in _fetch_text
    return self.http.get_text(url)
           ^^^^^^^^^^^^^^^^^^^^^^^
  File ""D:\save code\WEB\Economy\leonquant\leon_web_intel\src\utils\cache.py"", line 152, in get_text
    entry = self.get(url)
            ^^^^^^^^^^^^^
  File ""D:\save code\WEB\Economy\leonquant\leon_web_intel\src\utils\cache.py"", line 142, in get
    entry = self._fetch_uncached(url)
            ^^^^^^^^^^^^^^^^^^^^^^^^^
httpx.ConnectTimeout: [WinError 10060] A connection attempt failed because the connected party did not properly respond after a period of time, or established connection failed because connected host has failed to respond
",2026-05-19 08:25:56.993521
mard_gov_vn,https://mard.gov.vn,https://mard.gov.vn/,mard.gov.vn,https,https://mard.gov.vn/,https://mard.gov.vn/robots.txt,False,[],False,True,False,,,False,[],0,False,[],0,0,,0,0,False,0,False,False,False,False,manual_review,unknown,review,"[WinError 10060] A connection attempt failed because the connected party did not properly respond after a period of time, or established connection failed because connected host has failed to respond
Traceback (most recent call last):
  File ""C:\Users\lehoa\AppData\Roaming\Python\Python312\site-packages\httpx\_transports\default.py"", line 101, in map_httpcore_exceptions
    yield
  File ""C:\Users\lehoa\AppData\Roaming\Python\Python312\site-packages\httpx\_transports\default.py"", line 250, in handle_request
    resp = self._pool.handle_request(req)
           ^^^^^^^^^^^^^^^^^^^^^^^^^^^^^^
  File ""C:\Users\lehoa\AppData\Roaming\Python\Python312\site-packages\httpcore\_sync\connection_pool.py"", line 256, in handle_request
    raise exc from None
  File ""C:\Users\lehoa\AppData\Roaming\Python\Python312\site-packages\httpcore\_sync\connection_pool.py"", line 236, in handle_request
    response = connection.handle_request(
               ^^^^^^^^^^^^^^^^^^^^^^^^^^
  File ""C:\Users\lehoa\AppData\Roaming\Python\Python312\site-packages\httpcore\_sync\connection.py"", line 101, in handle_request
    raise exc
httpcore.ConnectTimeout: [WinError 10060] A connection attempt failed because the connected party did not properly respond after a period of time, or established connection failed because connected host has failed to respond

The above exception was the direct cause of the following exception:

Traceback (most recent call last):
  File ""D:\save code\WEB\Economy\leonquant\leon_web_intel\src\profiler\source_profiler.py"", line 265, in profile_source
    probe = run_html_probe(norm, homepage_url, self.rules, self._fetch_text, self.raw_store)
            ^^^^^^^^^^^^^^^^^^^^^^^^^^^^^^^^^^^^^^^^^^^^^^^^^^^^^^^^^^^^^^^^^^^^^^^^^^^^^^^^
  File ""D:\save code\WEB\Economy\leonquant\leon_web_intel\src\profiler\html_probe.py"", line 38, in run_html_probe
    status, html = fetch_text(homepage_url)
                   ^^^^^^^^^^^^^^^^^^^^^^^^
  File ""D:\save code\WEB\Economy\leonquant\leon_web_intel\src\profiler\source_profiler.py"", line 201, in _fetch_text
    return self.http.get_text(url)
           ^^^^^^^^^^^^^^^^^^^^^^^
  File ""D:\save code\WEB\Economy\leonquant\leon_web_intel\src\utils\cache.py"", line 152, in get_text
    entry = self.get(url)
            ^^^^^^^^^^^^^
  File ""D:\save code\WEB\Economy\leonquant\leon_web_intel\src\utils\cache.py"", line 142, in get
    entry = self._fetch_uncached(url)
            ^^^^^^^^^^^^^^^^^^^^^^^^^
httpx.ConnectTimeout: [WinError 10060] A connection attempt failed because the connected party did not properly respond after a period of time, or established connection failed because connected host has failed to respond
",2026-05-19 08:29:16.314017
monre_gov_vn,https://monre.gov.vn,https://monre.gov.vn/,monre.gov.vn,https,https://monre.gov.vn/,https://monre.gov.vn/robots.txt,False,[],False,True,False,,,False,[],0,False,[],0,0,,0,0,False,0,False,False,False,False,manual_review,unknown,review,"[SSL: CERTIFICATE_VERIFY_FAILED] certificate verify failed: Hostname mismatch, certificate is not valid for 'monre.gov.vn'. (_ssl.c:1000)
Traceback (most recent call last):
  File ""C:\Users\lehoa\AppData\Roaming\Python\Python312\site-packages\httpx\_transports\default.py"", line 101, in map_httpcore_exceptions
    yield
  File ""C:\Users\lehoa\AppData\Roaming\Python\Python312\site-packages\httpx\_transports\default.py"", line 250, in handle_request
    resp = self._pool.handle_request(req)
           ^^^^^^^^^^^^^^^^^^^^^^^^^^^^^^
  File ""C:\Users\lehoa\AppData\Roaming\Python\Python312\site-packages\httpcore\_sync\connection_pool.py"", line 256, in handle_request
    raise exc from None
  File ""C:\Users\lehoa\AppData\Roaming\Python\Python312\site-packages\httpcore\_sync\connection_pool.py"", line 236, in handle_request
    response = connection.handle_request(
               ^^^^^^^^^^^^^^^^^^^^^^^^^^
  File ""C:\Users\lehoa\AppData\Roaming\Python\Python312\site-packages\httpcore\_sync\connection.py"", line 101, in handle_request
    raise exc
httpcore.ConnectError: [SSL: CERTIFICATE_VERIFY_FAILED] certificate verify failed: Hostname mismatch, certificate is not valid for 'monre.gov.vn'. (_ssl.c:1000)

The above exception was the direct cause of the following exception:

Traceback (most recent call last):
  File ""D:\save code\WEB\Economy\leonquant\leon_web_intel\src\profiler\source_profiler.py"", line 265, in profile_source
    probe = run_html_probe(norm, homepage_url, self.rules, self._fetch_text, self.raw_store)
            ^^^^^^^^^^^^^^^^^^^^^^^^^^^^^^^^^^^^^^^^^^^^^^^^^^^^^^^^^^^^^^^^^^^^^^^^^^^^^^^^
  File ""D:\save code\WEB\Economy\leonquant\leon_web_intel\src\profiler\html_probe.py"", line 38, in run_html_probe
    status, html = fetch_text(homepage_url)
                   ^^^^^^^^^^^^^^^^^^^^^^^^
  File ""D:\save code\WEB\Economy\leonquant\leon_web_intel\src\profiler\source_profiler.py"", line 201, in _fetch_text
    return self.http.get_text(url)
           ^^^^^^^^^^^^^^^^^^^^^^^
  File ""D:\save code\WEB\Economy\leonquant\leon_web_intel\src\utils\cache.py"", line 152, in get_text
    entry = self.get(url)
            ^^^^^^^^^^^^^
  File ""D:\save code\WEB\Economy\leonquant\leon_web_intel\src\utils\cache.py"", line 142, in get
    entry = self._fetch_uncached(url)
            ^^^^^^^^^^^^^^^^^^^^^^^^^
httpx.ConnectError: [SSL: CERTIFICATE_VERIFY_FAILED] certificate verify failed: Hostname mismatch, certificate is not valid for 'monre.gov.vn'. (_ssl.c:1000)
",2026-05-19 08:29:15.418921
mpi_gov_vn,https://www.mpi.gov.vn/portal/Pages/default.aspx,https://www.mpi.gov.vn/portal/Pages/default.aspx,mpi.gov.vn,https,https://www.mpi.gov.vn/portal/Pages/default.aspx,https://www.mpi.gov.vn/robots.txt,False,[],False,True,False,,,False,[],0,False,[],0,0,,0,0,False,0,False,False,False,False,manual_review,unknown,review,"[SSL: CERTIFICATE_VERIFY_FAILED] certificate verify failed: unable to get local issuer certificate (_ssl.c:1000)
Traceback (most recent call last):
  File ""C:\Users\lehoa\AppData\Roaming\Python\Python312\site-packages\httpx\_transports\default.py"", line 101, in map_httpcore_exceptions
    yield
  File ""C:\Users\lehoa\AppData\Roaming\Python\Python312\site-packages\httpx\_transports\default.py"", line 250, in handle_request
    resp = self._pool.handle_request(req)
           ^^^^^^^^^^^^^^^^^^^^^^^^^^^^^^
  File ""C:\Users\lehoa\AppData\Roaming\Python\Python312\site-packages\httpcore\_sync\connection_pool.py"", line 256, in handle_request
    raise exc from None
  File ""C:\Users\lehoa\AppData\Roaming\Python\Python312\site-packages\httpcore\_sync\connection_pool.py"", line 236, in handle_request
    response = connection.handle_request(
               ^^^^^^^^^^^^^^^^^^^^^^^^^^
  File ""C:\Users\lehoa\AppData\Roaming\Python\Python312\site-packages\httpcore\_sync\connection.py"", line 101, in handle_request
    raise exc
httpcore.ConnectError: [SSL: CERTIFICATE_VERIFY_FAILED] certificate verify failed: unable to get local issuer certificate (_ssl.c:1000)

The above exception was the direct cause of the following exception:

Traceback (most recent call last):
  File ""D:\save code\WEB\Economy\leonquant\leon_web_intel\src\profiler\source_profiler.py"", line 265, in profile_source
    probe = run_html_probe(norm, homepage_url, self.rules, self._fetch_text, self.raw_store)
            ^^^^^^^^^^^^^^^^^^^^^^^^^^^^^^^^^^^^^^^^^^^^^^^^^^^^^^^^^^^^^^^^^^^^^^^^^^^^^^^^
  File ""D:\save code\WEB\Economy\leonquant\leon_web_intel\src\profiler\html_probe.py"", line 38, in run_html_probe
    status, html = fetch_text(homepage_url)
                   ^^^^^^^^^^^^^^^^^^^^^^^^
  File ""D:\save code\WEB\Economy\leonquant\leon_web_intel\src\profiler\source_profiler.py"", line 201, in _fetch_text
    return self.http.get_text(url)
           ^^^^^^^^^^^^^^^^^^^^^^^
  File ""D:\save code\WEB\Economy\leonquant\leon_web_intel\src\utils\cache.py"", line 152, in get_text
    entry = self.get(url)
            ^^^^^^^^^^^^^
  File ""D:\save code\WEB\Economy\leonquant\leon_web_intel\src\utils\cache.py"", line 142, in get
    entry = self._fetch_uncached(url)
            ^^^^^^^^^^^^^^^^^^^^^^^^^
httpx.ConnectError: [SSL: CERTIFICATE_VERIFY_FAILED] certificate verify failed: unable to get local issuer certificate (_ssl.c:1000)
",2026-05-19 08:29:03.395153
nguoiquansat_vn,https://nguoiquansat.vn,https://nguoiquansat.vn/,nguoiquansat.vn,https,https://nguoiquansat.vn/,https://nguoiquansat.vn/robots.txt,True,[],False,True,False,,,False,[],0,False,[],0,403,,0,0,False,0,True,True,False,False,playwright_fallback,medium,active_candidate,,2026-05-19 08:25:56.990202
plo_vn,https://plo.vn/kinh-te,https://plo.vn/kinh-te,plo.vn,https,https://plo.vn/kinh-te,https://plo.vn/robots.txt,True,"[""https://plo.vn/sitemaps.xml"", ""https://plo.vn/sitemaps/newsindex.xml"", ""https://plo.vn/sitemaps/google-news.xml""]",True,True,False,,,False,[],0,True,"[""https://plo.vn/sitemaps.xml"", ""https://plo.vn/sitemaps/categories.xml"", ""https://plo.vn/sitemaps/topics.xml"", ""https://plo.vn/sitemaps/news-2026-5.xml"", ""https://plo.vn/sitemaps/news-2026-4.xml"", ""https://plo.vn/sitemaps/news-2026-3.xml"", ""https://plo.vn/sitemaps/news-2026-2.xml"", ""https://plo.vn/sitemaps/news-2026-1.xml"", ""https://plo.vn/sitemaps/news-2025-12.xml"", ""https://plo.vn/sitemaps/news-2025-11.xml"", ""https://plo.vn/sitemaps/news-2025-10.xml"", ""https://plo.vn/sitemaps/news-2025-9.xml"", ""https://plo.vn/sitemaps/news-2025-8.xml"", ""https://plo.vn/sitemaps/news-2025-7.xml"", ""https://plo.vn/sitemaps/news-2025-6.xml"", ""https://plo.vn/sitemaps/news-2025-5.xml"", ""https://plo.vn/sitemaps/news-2025-4.xml"", ""https://plo.vn/sitemaps/news-2025-3.xml"", ""https://plo.vn/sitemaps/news-2025-2.xml"", ""https://plo.vn/sitemaps/news-2025-1.xml"", ""https://plo.vn/sitemaps/news-2024-12.xml"", ""https://plo.vn/sitemaps/news-2024-11.xml"", ""https://plo.vn/sitemaps/news-2024-10.xml"", ""https://plo.vn/sitemaps/news-2024-9.xml"", ""https://plo.vn/sitemaps/news-2024-8.xml"", ""https://plo.vn/sitemaps/news-2024-7.xml"", ""https://plo.vn/sitemaps/news-2024-6.xml"", ""https://plo.vn/sitemaps/news-2024-5.xml"", ""https://plo.vn/sitemaps/news-2024-4.xml"", ""https://plo.vn/sitemaps/news-2024-3.xml"", ""https://plo.vn/sitemaps/news-2024-2.xml"", ""https://plo.vn/sitemaps/news-2024-1.xml"", ""https://plo.vn/sitemaps/news-2023-12.xml"", ""https://plo.vn/sitemaps/news-2023-11.xml"", ""https://plo.vn/sitemaps/news-2023-10.xml"", ""https://plo.vn/sitemaps/news-2023-9.xml"", ""https://plo.vn/sitemaps/news-2023-8.xml"", ""https://plo.vn/sitemaps/news-2023-7.xml"", ""https://plo.vn/sitemaps/news-2023-6.xml"", ""https://plo.vn/sitemaps/news-2023-5.xml"", ""https://plo.vn/sitemaps/news-2023-4.xml"", ""https://plo.vn/sitemaps/news-2023-3.xml"", ""https://plo.vn/sitemaps/news-2023-2.xml"", ""https://plo.vn/sitemaps/news-2023-1.xml"", ""https://plo.vn/sitemaps/news-2022-12.xml"", ""https://plo.vn/sitemaps/news-2022-11.xml"", ""https://plo.vn/sitemaps/news-2022-10.xml"", ""https://plo.vn/sitemaps/news-2022-9.xml"", ""https://plo.vn/sitemaps/news-2022-8.xml"", ""https://plo.vn/sitemaps/news-2022-7.xml"", ""https://plo.vn/sitemaps/news-2022-6.xml"", ""https://plo.vn/sitemaps/news-2022-5.xml"", ""https://plo.vn/sitemaps/news-2022-4.xml"", ""https://plo.vn/sitemaps/news-2022-3.xml"", ""https://plo.vn/sitemaps/news-2022-2.xml"", ""https://plo.vn/sitemaps/news-2022-1.xml"", ""https://plo.vn/sitemaps/news-2021-12.xml"", ""https://plo.vn/sitemaps/news-2021-11.xml"", ""https://plo.vn/sitemaps/news-2021-10.xml"", ""https://plo.vn/sitemaps/news-2021-9.xml"", ""https://plo.vn/sitemaps/news-2021-8.xml"", ""https://plo.vn/sitemaps/news-2021-7.xml"", ""https://plo.vn/sitemaps/news-2021-6.xml"", ""https://plo.vn/sitemaps/news-2021-5.xml"", ""https://plo.vn/sitemaps/news-2021-4.xml"", ""https://plo.vn/sitemaps/news-2021-3.xml"", ""https://plo.vn/sitemaps/news-2021-2.xml"", ""https://plo.vn/sitemaps/news-2021-1.xml"", ""https://plo.vn/sitemaps/news-2020-12.xml"", ""https://plo.vn/sitemaps/news-2020-11.xml"", ""https://plo.vn/sitemaps/news-2020-10.xml"", ""https://plo.vn/sitemaps/news-2020-9.xml"", ""https://plo.vn/sitemaps/news-2020-8.xml"", ""https://plo.vn/sitemaps/news-2020-7.xml"", ""https://plo.vn/sitemaps/news-2020-6.xml"", ""https://plo.vn/sitemaps/news-2020-5.xml"", ""https://plo.vn/sitemaps/news-2020-4.xml"", ""https://plo.vn/sitemaps/news-2020-3.xml"", ""https://plo.vn/sitemaps/news-2020-2.xml"", ""https://plo.vn/sitemaps/news-2020-1.xml"", ""https://plo.vn/sitemaps/news-2019-12.xml"", ""https://plo.vn/sitemaps/news-2019-11.xml"", ""https://plo.vn/sitemaps/news-2019-10.xml"", ""https://plo.vn/sitemaps/news-2019-9.xml"", ""https://plo.vn/sitemaps/news-2019-8.xml"", ""https://plo.vn/sitemaps/news-2019-7.xml"", ""https://plo.vn/sitemaps/news-2019-6.xml"", ""https://plo.vn/sitemaps/news-2019-5.xml"", ""https://plo.vn/sitemaps/news-2019-4.xml"", ""https://plo.vn/sitemaps/news-2019-3.xml"", ""https://plo.vn/sitemaps/news-2019-2.xml"", ""https://plo.vn/sitemaps/news-2019-1.xml"", ""https://plo.vn/sitemaps/news-2018-12.xml"", ""https://plo.vn/sitemaps/news-2018-11.xml"", ""https://plo.vn/sitemaps/news-2018-10.xml"", ""https://plo.vn/sitemaps/news-2018-9.xml"", ""https://plo.vn/sitemaps/news-2018-8.xml"", ""https://plo.vn/sitemaps/news-2018-7.xml"", ""https://plo.vn/sitemaps/news-2018-6.xml"", ""https://plo.vn/sitemaps/news-2018-5.xml"", ""https://plo.vn/sitemaps/news-2018-4.xml"", ""https://plo.vn/sitemaps/news-2018-3.xml"", ""https://plo.vn/sitemaps/news-2018-2.xml"", ""https://plo.vn/sitemaps/news-2018-1.xml"", ""https://plo.vn/sitemaps/news-2017-12.xml"", ""https://plo.vn/sitemaps/news-2017-11.xml"", ""https://plo.vn/sitemaps/news-2017-10.xml"", ""https://plo.vn/sitemaps/news-2017-9.xml"", ""https://plo.vn/sitemaps/news-2017-8.xml"", ""https://plo.vn/sitemaps/news-2017-7.xml"", ""https://plo.vn/sitemaps/news-2017-6.xml"", ""https://plo.vn/sitemaps/news-2017-5.xml"", ""https://plo.vn/sitemaps/news-2017-4.xml"", ""https://plo.vn/sitemaps/news-2017-3.xml"", ""https://plo.vn/sitemaps/news-2017-2.xml"", ""https://plo.vn/sitemaps/news-2017-1.xml"", ""https://plo.vn/sitemaps/news-2016-12.xml"", ""https://plo.vn/sitemaps/news-2016-11.xml"", ""https://plo.vn/sitemaps/news-2016-10.xml"", ""https://plo.vn/sitemaps/news-2016-9.xml""]",120,404,,0,0,False,0,True,False,False,False,sitemap_then_article_extract,medium,active,,2026-05-19 08:26:11.100851
reuters_com,https://www.reuters.com/markets/,https://www.reuters.com/markets,reuters.com,https,https://www.reuters.com/markets,https://www.reuters.com/robots.txt,True,"[""https://www.reuters.com/arc/outboundfeeds/sitemap-index/?outputType=xml"", ""https://www.reuters.com/arc/outboundfeeds/news-sitemap-index/?outputType=xml"", ""https://www.reuters.com/plus/sitemap-index.xml"", ""https://www.reuters.com/arc/outboundfeeds/sitemap-plj-index/?outputType=xml"", ""https://www.reuters.com/graphics/sitemap.xml"", ""https://www.reuters.com/arc/outboundfeeds/sitemap-index/pictures/?outputType=xml"", ""https://www.reuters.com/static/video-sitemap/us/sitemap_video_index.xml"", ""https://www.reuters.com/arc/outboundfeeds/topic-sitemap/?outputType=xml"", ""https://www.reuters.com/arc/outboundfeeds/author-sitemap/?outputType=xml"", ""https://www.reuters.com/arc/outboundfeeds/pressrelease-sitemap/?outputType=xml""]",True,False,False,,,False,[],0,True,"[""https://www.reuters.com/arc/outboundfeeds/sitemap-index/?outputType=xml"", ""https://www.reuters.com/arc/outboundfeeds/sitemap/?outputType=xml"", ""https://www.reuters.com/arc/outboundfeeds/sitemap/?outputType=xml&from=100"", ""https://www.reuters.com/arc/outboundfeeds/sitemap/?outputType=xml&from=200"", ""https://www.reuters.com/arc/outboundfeeds/sitemap/?outputType=xml&from=300"", ""https://www.reuters.com/arc/outboundfeeds/sitemap/?outputType=xml&from=400"", ""https://www.reuters.com/arc/outboundfeeds/sitemap/?outputType=xml&from=500"", ""https://www.reuters.com/arc/outboundfeeds/sitemap/?outputType=xml&from=600"", ""https://www.reuters.com/arc/outboundfeeds/sitemap/?outputType=xml&from=700"", ""https://www.reuters.com/arc/outboundfeeds/sitemap/?outputType=xml&from=800"", ""https://www.reuters.com/arc/outboundfeeds/sitemap/?outputType=xml&from=900"", ""https://www.reuters.com/arc/outboundfeeds/sitemap/?outputType=xml&from=1000"", ""https://www.reuters.com/arc/outboundfeeds/sitemap/?outputType=xml&from=1100"", ""https://www.reuters.com/arc/outboundfeeds/sitemap/?outputType=xml&from=1200"", ""https://www.reuters.com/arc/outboundfeeds/sitemap/?outputType=xml&from=1300"", ""https://www.reuters.com/arc/outboundfeeds/sitemap/?outputType=xml&from=1400"", ""https://www.reuters.com/arc/outboundfeeds/sitemap/?outputType=xml&from=1500"", ""https://www.reuters.com/arc/outboundfeeds/sitemap/?outputType=xml&from=1600"", ""https://www.reuters.com/arc/outboundfeeds/sitemap/?outputType=xml&from=1700"", ""https://www.reuters.com/arc/outboundfeeds/sitemap/?outputType=xml&from=1800"", ""https://www.reuters.com/arc/outboundfeeds/sitemap/?outputType=xml&from=1900"", ""https://www.reuters.com/arc/outboundfeeds/sitemap/?outputType=xml&from=2000"", ""https://www.reuters.com/arc/outboundfeeds/sitemap/?outputType=xml&from=2100"", ""https://www.reuters.com/arc/outboundfeeds/sitemap/?outputType=xml&from=2200"", ""https://www.reuters.com/arc/outboundfeeds/sitemap/?outputType=xml&from=2300"", ""https://www.reuters.com/arc/outboundfeeds/sitemap/?outputType=xml&from=2400"", ""https://www.reuters.com/arc/outboundfeeds/sitemap/?outputType=xml&from=2500"", ""https://www.reuters.com/arc/outboundfeeds/sitemap/?outputType=xml&from=2600"", ""https://www.reuters.com/arc/outboundfeeds/sitemap/?outputType=xml&from=2700"", ""https://www.reuters.com/arc/outboundfeeds/sitemap/?outputType=xml&from=2800"", ""https://www.reuters.com/arc/outboundfeeds/sitemap/?outputType=xml&from=2900"", ""https://www.reuters.com/arc/outboundfeeds/sitemap/?outputType=xml&from=3000"", ""https://www.reuters.com/arc/outboundfeeds/sitemap/?outputType=xml&from=3100"", ""https://www.reuters.com/arc/outboundfeeds/sitemap/?outputType=xml&from=3200"", ""https://www.reuters.com/arc/outboundfeeds/sitemap/?outputType=xml&from=3300"", ""https://www.reuters.com/arc/outboundfeeds/sitemap/?outputType=xml&from=3400"", ""https://www.reuters.com/arc/outboundfeeds/sitemap/?outputType=xml&from=3500"", ""https://www.reuters.com/arc/outboundfeeds/sitemap/?outputType=xml&from=3600"", ""https://www.reuters.com/arc/outboundfeeds/sitemap/?outputType=xml&from=3700"", ""https://www.reuters.com/arc/outboundfeeds/sitemap/?outputType=xml&from=3800"", ""https://www.reuters.com/arc/outboundfeeds/sitemap/?outputType=xml&from=3900"", ""https://www.reuters.com/arc/outboundfeeds/sitemap/?outputType=xml&from=4000"", ""https://www.reuters.com/arc/outboundfeeds/sitemap/?outputType=xml&from=4100"", ""https://www.reuters.com/arc/outboundfeeds/sitemap/?outputType=xml&from=4200"", ""https://www.reuters.com/arc/outboundfeeds/sitemap/?outputType=xml&from=4300"", ""https://www.reuters.com/arc/outboundfeeds/sitemap/?outputType=xml&from=4400"", ""https://www.reuters.com/arc/outboundfeeds/sitemap/?outputType=xml&from=4500"", ""https://www.reuters.com/arc/outboundfeeds/sitemap/?outputType=xml&from=4600"", ""https://www.reuters.com/arc/outboundfeeds/sitemap/?outputType=xml&from=4700"", ""https://www.reuters.com/arc/outboundfeeds/sitemap/?outputType=xml&from=4800"", ""https://www.reuters.com/arc/outboundfeeds/sitemap/?outputType=xml&from=4900"", ""https://www.reuters.com/arc/outboundfeeds/sitemap/?outputType=xml&from=5000"", ""https://www.reuters.com/arc/outboundfeeds/sitemap/?outputType=xml&from=5100"", ""https://www.reuters.com/arc/outboundfeeds/sitemap/?outputType=xml&from=5200"", ""https://www.reuters.com/arc/outboundfeeds/sitemap/?outputType=xml&from=5300"", ""https://www.reuters.com/arc/outboundfeeds/sitemap/?outputType=xml&from=5400"", ""https://www.reuters.com/arc/outboundfeeds/sitemap/?outputType=xml&from=5500"", ""https://www.reuters.com/arc/outboundfeeds/sitemap/?outputType=xml&from=5600"", ""https://www.reuters.com/arc/outboundfeeds/sitemap/?outputType=xml&from=5700"", ""https://www.reuters.com/arc/outboundfeeds/sitemap/?outputType=xml&from=5800"", ""https://www.reuters.com/arc/outboundfeeds/sitemap/?outputType=xml&from=5900"", ""https://www.reuters.com/arc/outboundfeeds/sitemap/?outputType=xml&from=6000"", ""https://www.reuters.com/arc/outboundfeeds/sitemap/?outputType=xml&from=6100"", ""https://www.reuters.com/arc/outboundfeeds/sitemap/?outputType=xml&from=6200"", ""https://www.reuters.com/arc/outboundfeeds/sitemap/?outputType=xml&from=6300"", ""https://www.reuters.com/arc/outboundfeeds/sitemap/?outputType=xml&from=6400"", ""https://www.reuters.com/arc/outboundfeeds/sitemap/?outputType=xml&from=6500"", ""https://www.reuters.com/arc/outboundfeeds/sitemap/?outputType=xml&from=6600"", ""https://www.reuters.com/arc/outboundfeeds/sitemap/?outputType=xml&from=6700"", ""https://www.reuters.com/arc/outboundfeeds/sitemap/?outputType=xml&from=6800"", ""https://www.reuters.com/arc/outboundfeeds/sitemap/?outputType=xml&from=6900"", ""https://www.reuters.com/arc/outboundfeeds/sitemap/?outputType=xml&from=7000"", ""https://www.reuters.com/arc/outboundfeeds/sitemap/?outputType=xml&from=7100"", ""https://www.reuters.com/arc/outboundfeeds/sitemap/?outputType=xml&from=7200"", ""https://www.reuters.com/arc/outboundfeeds/sitemap/?outputType=xml&from=7300"", ""https://www.reuters.com/arc/outboundfeeds/sitemap/?outputType=xml&from=7400"", ""https://www.reuters.com/arc/outboundfeeds/sitemap/?outputType=xml&from=7500"", ""https://www.reuters.com/arc/outboundfeeds/sitemap/?outputType=xml&from=7600"", ""https://www.reuters.com/arc/outboundfeeds/sitemap/?outputType=xml&from=7700"", ""https://www.reuters.com/arc/outboundfeeds/sitemap/?outputType=xml&from=7800"", ""https://www.reuters.com/arc/outboundfeeds/sitemap/?outputType=xml&from=7900"", ""https://www.reuters.com/arc/outboundfeeds/sitemap/?outputType=xml&from=8000"", ""https://www.reuters.com/arc/outboundfeeds/sitemap/?outputType=xml&from=8100"", ""https://www.reuters.com/arc/outboundfeeds/sitemap/?outputType=xml&from=8200"", ""https://www.reuters.com/arc/outboundfeeds/sitemap/?outputType=xml&from=8300"", ""https://www.reuters.com/arc/outboundfeeds/sitemap/?outputType=xml&from=8400"", ""https://www.reuters.com/arc/outboundfeeds/sitemap/?outputType=xml&from=8500"", ""https://www.reuters.com/arc/outboundfeeds/sitemap/?outputType=xml&from=8600"", ""https://www.reuters.com/arc/outboundfeeds/sitemap/?outputType=xml&from=8700"", ""https://www.reuters.com/arc/outboundfeeds/sitemap/?outputType=xml&from=8800"", ""https://www.reuters.com/arc/outboundfeeds/sitemap/?outputType=xml&from=8900"", ""https://www.reuters.com/arc/outboundfeeds/sitemap/?outputType=xml&from=9000"", ""https://www.reuters.com/arc/outboundfeeds/sitemap/?outputType=xml&from=9100"", ""https://www.reuters.com/arc/outboundfeeds/sitemap/?outputType=xml&from=9200"", ""https://www.reuters.com/arc/outboundfeeds/sitemap/?outputType=xml&from=9300"", ""https://www.reuters.com/arc/outboundfeeds/sitemap/?outputType=xml&from=9400"", ""https://www.reuters.com/arc/outboundfeeds/sitemap/?outputType=xml&from=9500"", ""https://www.reuters.com/arc/outboundfeeds/sitemap/?outputType=xml&from=9600"", ""https://www.reuters.com/arc/outboundfeeds/sitemap/?outputType=xml&from=9700"", ""https://www.reuters.com/arc/outboundfeeds/sitemap/?outputType=xml&from=9800"", ""https://www.reuters.com/arc/outboundfeeds/sitemap/?outputType=xml&from=9900"", ""https://www.reuters.com/arc/outboundfeeds/news-sitemap-index/?outputType=xml"", ""https://www.reuters.com/arc/outboundfeeds/news-sitemap/?outputType=xml"", ""https://www.reuters.com/arc/outboundfeeds/news-sitemap/?outputType=xml&from=100"", ""https://www.reuters.com/arc/outboundfeeds/news-sitemap/?outputType=xml&from=200"", ""https://www.reuters.com/arc/outboundfeeds/news-sitemap/?outputType=xml&from=300"", ""https://www.reuters.com/arc/outboundfeeds/news-sitemap/?outputType=xml&from=400"", ""https://www.reuters.com/arc/outboundfeeds/news-sitemap/?outputType=xml&from=500"", ""https://www.reuters.com/arc/outboundfeeds/news-sitemap/?outputType=xml&from=600"", ""https://www.reuters.com/arc/outboundfeeds/news-sitemap/?outputType=xml&from=700"", ""https://www.reuters.com/plus/sitemap-index.xml"", ""https://www.reuters.com/plus/sitemap.xml?from=0"", ""https://www.reuters.com/plus/sitemap.xml?from=100"", ""https://www.reuters.com/plus/sitemap.xml?from=200"", ""https://www.reuters.com/plus/sitemap.xml?from=300"", ""https://www.reuters.com/plus/sitemap.xml?from=400"", ""https://www.reuters.com/plus/sitemap.xml?from=600"", ""https://www.reuters.com/arc/outboundfeeds/sitemap-plj-index/?outputType=xml"", ""https://www.reuters.com/arc/outboundfeeds/sitemap-plj/?outputType=xml"", ""https://www.reuters.com/arc/outboundfeeds/sitemap-plj/?outputType=xml&from=100""]",120,403,,0,0,False,0,True,False,False,False,sitemap_then_article_extract,medium,active,,2026-05-19 08:29:16.665659
sggp_org_vn,https://www.sggp.org.vn/kinh-te,https://www.sggp.org.vn/kinh-te,sggp.org.vn,https,https://www.sggp.org.vn/kinh-te,https://www.sggp.org.vn/robots.txt,True,"[""https://www.sggp.org.vn/sitemaps.xml"", ""https://www.sggp.org.vn/sitemaps/newsindex.xml"", ""https://www.sggp.org.vn/sitemaps/google-news.xml""]",True,True,False,,,False,[],0,True,"[""https://www.sggp.org.vn/sitemaps.xml"", ""https://www.sggp.org.vn/sitemaps/categories.xml"", ""https://www.sggp.org.vn/sitemaps/topics.xml"", ""https://www.sggp.org.vn/sitemaps/news-2026-5.xml"", ""https://www.sggp.org.vn/sitemaps/news-2026-4.xml"", ""https://www.sggp.org.vn/sitemaps/news-2026-3.xml"", ""https://www.sggp.org.vn/sitemaps/news-2026-2.xml"", ""https://www.sggp.org.vn/sitemaps/news-2026-1.xml"", ""https://www.sggp.org.vn/sitemaps/news-2025-12.xml"", ""https://www.sggp.org.vn/sitemaps/news-2025-11.xml"", ""https://www.sggp.org.vn/sitemaps/news-2025-10.xml"", ""https://www.sggp.org.vn/sitemaps/news-2025-9.xml"", ""https://www.sggp.org.vn/sitemaps/news-2025-8.xml"", ""https://www.sggp.org.vn/sitemaps/news-2025-7.xml"", ""https://www.sggp.org.vn/sitemaps/news-2025-6.xml"", ""https://www.sggp.org.vn/sitemaps/news-2025-5.xml"", ""https://www.sggp.org.vn/sitemaps/news-2025-4.xml"", ""https://www.sggp.org.vn/sitemaps/news-2025-3.xml"", ""https://www.sggp.org.vn/sitemaps/news-2025-2.xml"", ""https://www.sggp.org.vn/sitemaps/news-2025-1.xml"", ""https://www.sggp.org.vn/sitemaps/news-2024-12.xml"", ""https://www.sggp.org.vn/sitemaps/news-2024-11.xml"", ""https://www.sggp.org.vn/sitemaps/news-2024-10.xml"", ""https://www.sggp.org.vn/sitemaps/news-2024-9.xml"", ""https://www.sggp.org.vn/sitemaps/news-2024-8.xml"", ""https://www.sggp.org.vn/sitemaps/news-2024-7.xml"", ""https://www.sggp.org.vn/sitemaps/news-2024-6.xml"", ""https://www.sggp.org.vn/sitemaps/news-2024-5.xml"", ""https://www.sggp.org.vn/sitemaps/news-2024-4.xml"", ""https://www.sggp.org.vn/sitemaps/news-2024-3.xml"", ""https://www.sggp.org.vn/sitemaps/news-2024-2.xml"", ""https://www.sggp.org.vn/sitemaps/news-2024-1.xml"", ""https://www.sggp.org.vn/sitemaps/news-2023-12.xml"", ""https://www.sggp.org.vn/sitemaps/news-2023-11.xml"", ""https://www.sggp.org.vn/sitemaps/news-2023-10.xml"", ""https://www.sggp.org.vn/sitemaps/news-2023-9.xml"", ""https://www.sggp.org.vn/sitemaps/news-2023-8.xml"", ""https://www.sggp.org.vn/sitemaps/news-2023-7.xml"", ""https://www.sggp.org.vn/sitemaps/news-2023-6.xml"", ""https://www.sggp.org.vn/sitemaps/news-2023-5.xml"", ""https://www.sggp.org.vn/sitemaps/news-2023-4.xml"", ""https://www.sggp.org.vn/sitemaps/news-2023-3.xml"", ""https://www.sggp.org.vn/sitemaps/news-2023-2.xml"", ""https://www.sggp.org.vn/sitemaps/news-2023-1.xml"", ""https://www.sggp.org.vn/sitemaps/news-2022-12.xml"", ""https://www.sggp.org.vn/sitemaps/news-2022-11.xml"", ""https://www.sggp.org.vn/sitemaps/news-2022-10.xml"", ""https://www.sggp.org.vn/sitemaps/news-2022-9.xml"", ""https://www.sggp.org.vn/sitemaps/news-2022-8.xml"", ""https://www.sggp.org.vn/sitemaps/news-2022-7.xml"", ""https://www.sggp.org.vn/sitemaps/news-2022-6.xml"", ""https://www.sggp.org.vn/sitemaps/news-2022-5.xml"", ""https://www.sggp.org.vn/sitemaps/news-2022-4.xml"", ""https://www.sggp.org.vn/sitemaps/news-2022-3.xml"", ""https://www.sggp.org.vn/sitemaps/news-2022-2.xml"", ""https://www.sggp.org.vn/sitemaps/news-2022-1.xml"", ""https://www.sggp.org.vn/sitemaps/news-2021-12.xml"", ""https://www.sggp.org.vn/sitemaps/news-2021-11.xml"", ""https://www.sggp.org.vn/sitemaps/news-2021-10.xml"", ""https://www.sggp.org.vn/sitemaps/news-2021-9.xml"", ""https://www.sggp.org.vn/sitemaps/news-2021-8.xml"", ""https://www.sggp.org.vn/sitemaps/news-2021-7.xml"", ""https://www.sggp.org.vn/sitemaps/news-2021-6.xml"", ""https://www.sggp.org.vn/sitemaps/news-2021-5.xml"", ""https://www.sggp.org.vn/sitemaps/news-2021-4.xml"", ""https://www.sggp.org.vn/sitemaps/news-2021-3.xml"", ""https://www.sggp.org.vn/sitemaps/news-2021-2.xml"", ""https://www.sggp.org.vn/sitemaps/news-2021-1.xml"", ""https://www.sggp.org.vn/sitemaps/news-2020-12.xml"", ""https://www.sggp.org.vn/sitemaps/news-2020-11.xml"", ""https://www.sggp.org.vn/sitemaps/news-2020-10.xml"", ""https://www.sggp.org.vn/sitemaps/news-2020-9.xml"", ""https://www.sggp.org.vn/sitemaps/news-2020-8.xml"", ""https://www.sggp.org.vn/sitemaps/news-2020-7.xml"", ""https://www.sggp.org.vn/sitemaps/news-2020-6.xml"", ""https://www.sggp.org.vn/sitemaps/news-2020-5.xml"", ""https://www.sggp.org.vn/sitemaps/news-2020-4.xml"", ""https://www.sggp.org.vn/sitemaps/news-2020-3.xml"", ""https://www.sggp.org.vn/sitemaps/news-2020-2.xml"", ""https://www.sggp.org.vn/sitemaps/news-2020-1.xml"", ""https://www.sggp.org.vn/sitemaps/news-2019-12.xml"", ""https://www.sggp.org.vn/sitemaps/news-2019-11.xml"", ""https://www.sggp.org.vn/sitemaps/news-2019-10.xml"", ""https://www.sggp.org.vn/sitemaps/news-2019-9.xml"", ""https://www.sggp.org.vn/sitemaps/news-2019-8.xml"", ""https://www.sggp.org.vn/sitemaps/news-2019-7.xml"", ""https://www.sggp.org.vn/sitemaps/news-2019-6.xml"", ""https://www.sggp.org.vn/sitemaps/news-2019-5.xml"", ""https://www.sggp.org.vn/sitemaps/news-2019-4.xml"", ""https://www.sggp.org.vn/sitemaps/news-2019-3.xml"", ""https://www.sggp.org.vn/sitemaps/news-2019-2.xml"", ""https://www.sggp.org.vn/sitemaps/news-2019-1.xml"", ""https://www.sggp.org.vn/sitemaps/news-2018-12.xml"", ""https://www.sggp.org.vn/sitemaps/news-2018-11.xml"", ""https://www.sggp.org.vn/sitemaps/news-2018-10.xml"", ""https://www.sggp.org.vn/sitemaps/news-2018-9.xml"", ""https://www.sggp.org.vn/sitemaps/news-2018-8.xml"", ""https://www.sggp.org.vn/sitemaps/news-2018-7.xml"", ""https://www.sggp.org.vn/sitemaps/news-2018-6.xml"", ""https://www.sggp.org.vn/sitemaps/news-2018-5.xml"", ""https://www.sggp.org.vn/sitemaps/news-2018-4.xml"", ""https://www.sggp.org.vn/sitemaps/news-2018-3.xml"", ""https://www.sggp.org.vn/sitemaps/news-2018-2.xml"", ""https://www.sggp.org.vn/sitemaps/news-2018-1.xml"", ""https://www.sggp.org.vn/sitemaps/news-2017-12.xml"", ""https://www.sggp.org.vn/sitemaps/news-2017-11.xml"", ""https://www.sggp.org.vn/sitemaps/news-2017-10.xml"", ""https://www.sggp.org.vn/sitemaps/news-2017-9.xml"", ""https://www.sggp.org.vn/sitemaps/news-2017-8.xml"", ""https://www.sggp.org.vn/sitemaps/news-2017-7.xml"", ""https://www.sggp.org.vn/sitemaps/news-2017-6.xml"", ""https://www.sggp.org.vn/sitemaps/news-2017-5.xml"", ""https://www.sggp.org.vn/sitemaps/news-2017-4.xml"", ""https://www.sggp.org.vn/sitemaps/news-2017-3.xml"", ""https://www.sggp.org.vn/sitemaps/news-2017-2.xml"", ""https://www.sggp.org.vn/sitemaps/news-2017-1.xml"", ""https://www.sggp.org.vn/sitemaps/news-2016-12.xml"", ""https://www.sggp.org.vn/sitemaps/news-2016-11.xml"", ""https://www.sggp.org.vn/sitemaps/news-2016-10.xml"", ""https://www.sggp.org.vn/sitemaps/news-2016-9.xml""]",120,404,,0,0,False,0,True,False,False,False,sitemap_then_article_extract,medium,active,,2026-05-19 08:26:11.757191
thedefiant_io,https://www.thedefiant.io/news,https://www.thedefiant.io/news,thedefiant.io,https,https://www.thedefiant.io/news,https://www.thedefiant.io/robots.txt,True,"[""https://thedefiant.io/sitemap/index.xml""]",True,True,False,,,True,"[""https://www.thedefiant.io/feed""]",1,False,[],0,403,,0,0,False,0,True,True,True,False,rss_then_article_extract,medium,active,,2026-05-19 08:29:36.819528
thitruongtaichinhtiente_vn,https://thitruongtaichinhtiente.vn,https://thitruongtaichinhtiente.vn/,thitruongtaichinhtiente.vn,https,https://thitruongtaichinhtiente.vn/,https://thitruongtaichinhtiente.vn/robots.txt,True,[],False,True,False,,,False,[],0,False,[],0,403,,0,0,False,0,True,True,False,False,playwright_fallback,medium,active_candidate,,2026-05-19 08:25:56.988706
xaydung_gov_vn,https://xaydung.gov.vn,https://xaydung.gov.vn/,xaydung.gov.vn,https,https://xaydung.gov.vn/,https://xaydung.gov.vn/robots.txt,False,[],False,True,False,,,False,[],0,False,[],0,0,,0,0,False,0,False,False,False,False,manual_review,unknown,review,"[SSL: CERTIFICATE_VERIFY_FAILED] certificate verify failed: unable to get local issuer certificate (_ssl.c:1000)
Traceback (most recent call last):
  File ""C:\Users\lehoa\AppData\Roaming\Python\Python312\site-packages\httpx\_transports\default.py"", line 101, in map_httpcore_exceptions
    yield
  File ""C:\Users\lehoa\AppData\Roaming\Python\Python312\site-packages\httpx\_transports\default.py"", line 250, in handle_request
    resp = self._pool.handle_request(req)
           ^^^^^^^^^^^^^^^^^^^^^^^^^^^^^^
  File ""C:\Users\lehoa\AppData\Roaming\Python\Python312\site-packages\httpcore\_sync\connection_pool.py"", line 256, in handle_request
    raise exc from None
  File ""C:\Users\lehoa\AppData\Roaming\Python\Python312\site-packages\httpcore\_sync\connection_pool.py"", line 236, in handle_request
    response = connection.handle_request(
               ^^^^^^^^^^^^^^^^^^^^^^^^^^
  File ""C:\Users\lehoa\AppData\Roaming\Python\Python312\site-packages\httpcore\_sync\connection.py"", line 101, in handle_request
    raise exc
httpcore.ConnectError: [SSL: CERTIFICATE_VERIFY_FAILED] certificate verify failed: unable to get local issuer certificate (_ssl.c:1000)

The above exception was the direct cause of the following exception:

Traceback (most recent call last):
  File ""D:\save code\WEB\Economy\leonquant\leon_web_intel\src\profiler\source_profiler.py"", line 265, in profile_source
    probe = run_html_probe(norm, homepage_url, self.rules, self._fetch_text, self.raw_store)
            ^^^^^^^^^^^^^^^^^^^^^^^^^^^^^^^^^^^^^^^^^^^^^^^^^^^^^^^^^^^^^^^^^^^^^^^^^^^^^^^^
  File ""D:\save code\WEB\Economy\leonquant\leon_web_intel\src\profiler\html_probe.py"", line 38, in run_html_probe
    status, html = fetch_text(homepage_url)
                   ^^^^^^^^^^^^^^^^^^^^^^^^
  File ""D:\save code\WEB\Economy\leonquant\leon_web_intel\src\profiler\source_profiler.py"", line 201, in _fetch_text
    return self.http.get_text(url)
           ^^^^^^^^^^^^^^^^^^^^^^^
  File ""D:\save code\WEB\Economy\leonquant\leon_web_intel\src\utils\cache.py"", line 152, in get_text
    entry = self.get(url)
            ^^^^^^^^^^^^^
  File ""D:\save code\WEB\Economy\leonquant\leon_web_intel\src\utils\cache.py"", line 142, in get
    entry = self._fetch_uncached(url)
            ^^^^^^^^^^^^^^^^^^^^^^^^^
httpx.ConnectError: [SSL: CERTIFICATE_VERIFY_FAILED] certificate verify failed: unable to get local issuer certificate (_ssl.c:1000)
",2026-05-19 08:29:14.354999
